1569,Number of Ways to Reorder Array to Get Same BST,Hard,algorithms
1568,Minimum Number of Days to Disconnect Island,Medium,algorithms
1567,Maximum Length of Subarray With Positive Product,Medium,algorithms
1566,Detect Pattern of Length M Repeated K or More Times,Easy,algorithms
1565,Unique Orders and Customers Per Month,Easy,database
1564,Put Boxes Into the Warehouse I,Medium,algorithms
1563,Stone Game V,Hard,algorithms
1562,Find Latest Group of Size M,Medium,algorithms
1561,Maximum Number of Coins You Can Get,Medium,algorithms
1560,Most Visited Sector ina Circular Track,Easy,algorithms
1559,Detect Cycles in 2D Grid,Hard,algorithms
1558,Minimum Numbers of Function Calls to Make Target Array,Medium,algorithms
1557,Minimum Number of Vertices to Reach All Nodes,Medium,algorithms
1556,Thousand Separator,Easy,algorithms
1555,Bank Account Summary,Medium,database
1554,Strings Differ by One Character,Medium,algorithms
1553,Minimum Number of Days to Eat N Oranges,Hard,algorithms
1552,Magnetic Force Between Two Balls,Medium,algorithms
1551,Minimum Operations to Make Array Equal,Medium,algorithms
1550,Three Consecutive Odds,Easy,algorithms
1549,The Most Recent Orders for Each Product,Medium,database
1548,The Most Similar Path in a Graph,Hard,algorithms
1547,Minimum Cost to Cut a Stick,Hard,algorithms
1546,Maximum Number of Non-Overlapping Subarrays With Sum Equals Target,Medium,algorithms
1545,Find Kth Bit in Nth Binary String,Medium,algorithms
1544,Make The String Great,Easy,algorithms
1543,Fix Product Name Format,Easy,database
1542,Find Longest Awesome Substring,Hard,algorithms
1541,Minimum Insertions to Balance a Parentheses String,Medium,algorithms
1540,Can Convert String in K Moves,Medium,algorithms
1539,Kth Missing Positive Number,Easy,algorithms
1538,Guess the Majority in a Hidden Array,Medium,algorithms
1537,Get the Maximum Score,Hard,algorithms
1536,Minimum Swaps to Arrange a Binary Grid,Medium,algorithms
1535,Find the Winner of an Array Game,Medium,algorithms
1534,Count Good Triplets,Easy,algorithms
1533,Find the Index of the Large Integer,Medium,algorithms
1532,The Most Recent Three Orders,Medium,database
1531,String Compression II,Hard,algorithms
1530,Number of Good Leaf Nodes Pairs,Medium,algorithms
1529,Bulb Switcher IV,Medium,algorithms
1528,Shuffle String,Easy,algorithms
1527,Patients With a Condition,Easy,database
1526,Minimum Number of Increments on Subarrays to Form a Target Array,Hard,algorithms
1525,Number of Good Ways to Split a String,Medium,algorithms
1524,Number of Sub-arrays With Odd Sum,Medium,algorithms
1523,Count Odd Numbers in an Interval Range,Easy,algorithms
1522,Diameter of N-Ary Tree,Medium,algorithms
1521,Find a Value of a Mysterious Function Closest to Target,Hard,algorithms
1520,Maximum Number of Non-Overlapping Substrings,Hard,algorithms
1519,Number of Nodes in the Sub-Tree With the Same Label,Medium,algorithms
1518,Water Bottles,Easy,algorithms
1517,Find Users With Valid E-Mails,Easy,database
1516,Move Sub-Tree of N-Ary Tree,Hard,algorithms
1515,Best Position for a Service Centre,Hard,algorithms
1514,Path with Maximum Probability,Medium,algorithms
1513,Number of Substrings With Only 1s,Medium,algorithms
1512,Number of Good Pairs,Easy,algorithms
1511,Customer Order Frequency,Easy,database
1510,Stone Game IV,Hard,algorithms
1509,Minimum Difference Between Largest and Smallest Value in Three Moves,Medium,algorithms
1508,Range Sum of Sorted Subarray Sums,Medium,algorithms
1507,Reformat Date,Easy,algorithms
1506,Find Root of N-Ary Tree,Medium,algorithms
1505,Minimum Possible Integer After at Most K Adjacent Swaps On Digits,Hard,algorithms
1504,Count Submatrices With All Ones,Medium,algorithms
1503,Last Moment Before All Ants Fall Out of a Plank,Medium,algorithms
1502,Can Make Arithmetic Progression From Sequence,Easy,algorithms
1501,Countries You Can Safely Invest In,Medium,database
1500,Design a File Sharing System,Medium,algorithms
1499,Max Value of Equation,Hard,algorithms
1498,Number of Subsequences That Satisfy the Given Sum Condition,Medium,algorithms
1497,Check If Array Pairs Are Divisible by k,Medium,algorithms
1496,Path Crossing,Easy,algorithms
1495,Friendly Movies Streamed Last Month,Easy,database
1494,Parallel Courses II,Hard,algorithms
1493,Longest Subarray of 1's After Deleting One Element,Medium,algorithms
1492,The kth Factor of n,Medium,algorithms
1491,Average Salary Excluding the Minimum and Maximum Salary,Easy,algorithms
1490,Clone N-ary Tree,Medium,algorithms
1489,Find Critical and Pseudo-Critical Edges in Minimum Spanning Tree,Hard,algorithms
1488,Avoid Flood in The City,Medium,algorithms
1487,Making File Names Unique,Medium,algorithms
1486,XOR Operation in an Array,Easy,algorithms
1485,Clone Binary Tree With Random Pointer,Medium,algorithms
1484,Group Sold Products By The Date,Easy,database
1483,Kth Ancestor of a Tree Node,Hard,algorithms
1482,Minimum Number of Days to Make m Bouquets,Medium,algorithms
1481,Least Number of Unique Integers after K Removals,Medium,algorithms
1480,Running Sum of 1d Array,Easy,algorithms
1479,Sales by Day of the Week,Hard,database
1478,Allocate Mailboxes,Hard,algorithms
1477,Find Two Non-overlapping Sub-arrays Each With Target Sum,Medium,algorithms
1476,Subrectangle Queries,Medium,algorithms
1475,Final Prices With a Special Discount in a Shop,Easy,algorithms
1474,Delete N Nodes After M Nodes of a Linked List,Easy,algorithms
1473,Paint House III,Hard,algorithms
1472,Design Browser History,Medium,algorithms
1471,The k Strongest Values in an Array,Medium,algorithms
1470,Shuffle the Array,Easy,algorithms
1469,Find All The Lonely Nodes,Easy,algorithms
1468,Calculate Salaries,Medium,database
1467,Probability of a Two Boxes Having The Same Number of Distinct Balls,Hard,algorithms
1466,Reorder Routes to Make All Paths Lead to the City Zero,Medium,algorithms
1465,Maximum Area of a Piece of Cake After Horizontal and Vertical Cuts,Medium,algorithms
1464,Maximum Product of Two Elements in an Array,Easy,algorithms
1463,Cherry Pickup II,Hard,algorithms
1462,Course Schedule IV,Medium,algorithms
1461,Check If a String Contains All Binary Codes of Size K,Medium,algorithms
1460,Make Two Arrays Equal by Reversing Sub-arrays,Easy,algorithms
1459,Rectangles Area,Medium,database
1458,Max Dot Product of Two Subsequences,Hard,algorithms
1457,Pseudo-Palindromic Paths in a Binary Tree,Medium,algorithms
1456,Maximum Number of Vowels in a Substring of Given Length,Medium,algorithms
1455,Check If a Word Occurs As a Prefix of Any Word in a Sentence,Easy,algorithms
1454,Active Users,Medium,database
1453,Maximum Number of Darts Inside of a Circular Dartboard,Hard,algorithms
1452,People Whose List of Favorite Companies Is Not a Subset of Another List,Medium,algorithms
1451,Rearrange Words in a Sentence,Medium,algorithms
1450,Number of Students Doing Homework at a Given Time,Easy,algorithms
1449,Form Largest Integer With Digits That Add up to Target,Hard,algorithms
1448,Count Good Nodes in Binary Tree,Medium,algorithms
1447,Simplified Fractions,Medium,algorithms
1446,Consecutive Characters,Easy,algorithms
1445,Apples & Oranges,Medium,database
1444,Number of Ways of Cutting a Pizza,Hard,algorithms
1443,Minimum Time to Collect All Apples in a Tree,Medium,algorithms
1442,Count Triplets That Can Form Two Arrays of Equal XOR,Medium,algorithms
1441,Build an Array With Stack Operations,Easy,algorithms
1440,Evaluate Boolean Expression,Medium,database
1439,Find the Kth Smallest Sum of a Matrix With Sorted Rows,Hard,algorithms
1438,Longest Continuous Subarray With Absolute Diff Less Than or Equal to Limit,Medium,algorithms
1437,Check If All 1's Are at Least Length K Places Away,Medium,algorithms
1436,Destination City,Easy,algorithms
1435,Create a Session Bar Chart,Easy,database
1434,Number of Ways to Wear Different Hats to Each Other,Hard,algorithms
1433,Check If a String Can Break Another String,Medium,algorithms
1432,Max Difference You Can Get From Changing an Integer,Medium,algorithms
1431,Kids With the Greatest Number of Candies,Easy,algorithms
1430,Check If a String Is a Valid Sequence from Root to Leaves Path in a Binary Tree,Medium,algorithms
1429,First Unique Number,Medium,algorithms
1428,Leftmost Column with at Least a One,Medium,algorithms
1427,Perform String Shifts,Easy,algorithms
1426,Counting Elements,Easy,algorithms
1425,Constrained Subsequence Sum,Hard,algorithms
1424,Diagonal Traverse II,Medium,algorithms
1423,Maximum Points You Can Obtain from Cards,Medium,algorithms
1422,Maximum Score After Splitting a String,Easy,algorithms
1421,NPV Queries,Medium,database
1420,Build Array Where You Can Find The Maximum Exactly K Comparisons,Hard,algorithms
1419,Minimum Number of Frogs Croaking,Medium,algorithms
1418,Display Table of Food Orders in a Restaurant,Medium,algorithms
1417,Reformat The String,Easy,algorithms
1416,Restore The Array,Hard,algorithms
1415,The k-th Lexicographical String of All Happy Strings of Length n,Medium,algorithms
1414,Find the Minimum Number of Fibonacci Numbers Whose Sum Is K,Medium,algorithms
1413,Minimum Value to Get Positive Step by Step Sum,Easy,algorithms
1412,Find the Quiet Students in All Exams,Hard,database
1411,Number of Ways to Paint N Ã— 3 Grid,Hard,algorithms
1410,HTML Entity Parser,Medium,algorithms
1409,Queries on a Permutation With Key,Medium,algorithms
1408,String Matching in an Array,Easy,algorithms
1407,Top Travellers,Easy,database
1406,Stone Game III,Hard,algorithms
1405,Longest Happy String,Medium,algorithms
1404,Number of Steps to Reduce a Number in Binary Representation to One,Medium,algorithms
1403,Minimum Subsequence in Non-Increasing Order,Easy,algorithms
1402,Reducing Dishes,Hard,algorithms
1401,Circle and Rectangle Overlapping,Medium,algorithms
1400,Construct K Palindrome Strings,Medium,algorithms
1399,Count Largest Group,Easy,algorithms
1398,Customers Who Bought Products A and B but Not C,Medium,database
1397,Find All Good Strings,Hard,algorithms
1396,Design Underground System,Medium,algorithms
1395,Count Number of Teams,Medium,algorithms
1394,Find Lucky Integer in an Array,Easy,algorithms
1393,Capital Gain/Loss,Medium,database
1392,Longest Happy Prefix,Hard,algorithms
1391,Check if There is a Valid Path in a Grid,Medium,algorithms
1390,Four Divisors,Medium,algorithms
1389,Create Target Array in the Given Order,Easy,algorithms
1388,Pizza With 3n Slices,Hard,algorithms
1387,Sort Integers by The Power Value,Medium,algorithms
1386,Cinema Seat Allocation,Medium,algorithms
1385,Find the Distance Value Between Two Arrays,Easy,algorithms
1384,Total Sales Amount by Year,Hard,database
1383,Maximum Performance of a Team,Hard,algorithms
1382,Balance a Binary Search Tree,Medium,algorithms
1381,Design a Stack With Increment Operation,Medium,algorithms
1380,Lucky Numbers in a Matrix,Easy,algorithms
1379,Find a Corresponding Node of a Binary Tree in a Clone of That Tree,Medium,algorithms
1378,Replace Employee ID With The Unique Identifier,Easy,database
1377,Frog Position After T Seconds,Hard,algorithms
1376,Time Needed to Inform All Employees,Medium,algorithms
1375,Bulb Switcher III,Medium,algorithms
1374,Generate a String With Characters That Have Odd Counts,Easy,algorithms
1373,Maximum Sum BST in Binary Tree,Hard,algorithms
1372,Longest ZigZag Path in a Binary Tree,Medium,algorithms
1371,Find the Longest Substring Containing Vowels in Even Counts,Medium,algorithms
1370,Increasing Decreasing String,Easy,algorithms
1369,Get the Second Most Recent Activity,Hard,database
1368,Minimum Cost to Make at Least One Valid Path in a Grid,Hard,algorithms
1367,Linked List in Binary Tree,Medium,algorithms
1366,Rank Teams by Votes,Medium,algorithms
1365,How Many Numbers Are Smaller Than the Current Number,Easy,algorithms
1364,Number of Trusted Contacts of a Customer,Medium,database
1363,Largest Multiple of Three,Hard,algorithms
1362,Closest Divisors,Medium,algorithms
1361,Validate Binary Tree Nodes,Medium,algorithms
1360,Number of Days Between Two Dates,Easy,algorithms
1359,Count All Valid Pickup and Delivery Options,Hard,algorithms
1358,Number of Substrings Containing All Three Characters,Medium,algorithms
1357,Apply Discount Every n Orders,Medium,algorithms
1356,Sort Integers by The Number of 1 Bits,Easy,algorithms
1355,Activity Participants,Medium,database
1354,Construct Target Array With Multiple Sums,Hard,algorithms
1353,Maximum Number of Events That Can Be Attended,Medium,algorithms
1352,Product of the Last K Numbers,Medium,algorithms
1351,Count Negative Numbers in a Sorted Matrix,Easy,algorithms
1350,Students With Invalid Departments,Easy,database
1349,Maximum Students Taking Exam,Hard,algorithms
1348,Tweet Counts Per Frequency,Medium,algorithms
1347,Minimum Number of Steps to Make Two Strings Anagram,Medium,algorithms
1346,Check If N and Its Double Exist,Easy,algorithms
1345,Jump Game IV,Hard,algorithms
1344,Angle Between Hands of a Clock,Medium,algorithms
1343,Number of Sub-arrays of Size K and Average Greater than or Equal to Threshold,Medium,algorithms
1342,Number of Steps to Reduce a Number to Zero,Easy,algorithms
1341,Movie Rating,Medium,database
1340,Jump Game V,Hard,algorithms
1339,Maximum Product of Splitted Binary Tree,Medium,algorithms
1338,Reduce Array Size to The Half,Medium,algorithms
1337,The K Weakest Rows in a Matrix,Easy,algorithms
1336,Number of Transactions per Visit,Hard,database
1335,Minimum Difficulty of a Job Schedule,Hard,algorithms
1334,Find the City With the Smallest Number of Neighbors at a Threshold Distance,Medium,algorithms
1333,Filter Restaurants by Vegan-Friendly ~ Price and Distance,Medium,algorithms
1332,Remove Palindromic Subsequences,Easy,algorithms
1331,Rank Transform of an Array,Easy,algorithms
1330,Reverse Subarray To Maximize Array Value,Hard,algorithms
1329,Sort the Matrix Diagonally,Medium,algorithms
1328,Break a Palindrome,Medium,algorithms
1327,List the Products Ordered in a Period,Easy,database
1326,Minimum Number of Taps to Open to Water a Garden,Hard,algorithms
1325,Delete Leaves With a Given Value,Medium,algorithms
1324,Print Words Vertically,Medium,algorithms
1323,Maximum 69 Number,Easy,algorithms
1322,Ads Performance,Easy,database
1321,Restaurant Growth,Medium,database
1320,Minimum Distance to Type a Word Using Two Fingers,Hard,algorithms
1319,Number of Operations to Make Network Connected,Medium,algorithms
1318,Minimum Flips to Make a OR b Equal to c,Medium,algorithms
1317,Convert Integer to the Sum of Two No-Zero Integers,Easy,algorithms
1316,Distinct Echo Substrings,Hard,algorithms
1315,Sum of Nodes with Even-Valued Grandparent,Medium,algorithms
1314,Matrix Block Sum,Medium,algorithms
1313,Decompress Run-Length Encoded List,Easy,algorithms
1312,Minimum Insertion Steps to Make a String Palindrome,Hard,algorithms
1311,Get Watched Videos by Your Friends,Medium,algorithms
1310,XOR Queries of a Subarray,Medium,algorithms
1309,Decrypt String from Alphabet to Integer Mapping,Easy,algorithms
1308,Running Total for Different Genders,Medium,database
1307,Verbal Arithmetic Puzzle,Hard,algorithms
1306,Jump Game III,Medium,algorithms
1305,All Elements in Two Binary Search Trees,Medium,algorithms
1304,Find N Unique Integers Sum up to Zero,Easy,algorithms
1303,Find the Team Size,Easy,database
1302,Deepest Leaves Sum,Medium,algorithms
1301,Number of Paths with Max Score,Hard,algorithms
1300,Sum of Mutated Array Closest to Target,Medium,algorithms
1299,Replace Elements with Greatest Element on Right Side,Easy,algorithms
1298,Maximum Candies You Can Get from Boxes,Hard,algorithms
1297,Maximum Number of Occurrences of a Substring,Medium,algorithms
1296,Divide Array in Sets of K Consecutive Numbers,Medium,algorithms
1295,Find Numbers with Even Number of Digits,Easy,algorithms
1294,Weather Type in Each Country,Easy,database
1293,Shortest Path in a Grid with Obstacles Elimination,Hard,algorithms
1292,Maximum Side Length of a Square with Sum Less than or Equal to Threshold,Medium,algorithms
1291,Sequential Digits,Medium,algorithms
1290,Convert Binary Number in a Linked List to Integer,Easy,algorithms
1289,Minimum Falling Path Sum II,Hard,algorithms
1288,Remove Covered Intervals,Medium,algorithms
1287,Element Appearing More Than 25% In Sorted Array,Easy,algorithms
1286,Iterator for Combination,Medium,algorithms
1285,Find the Start and End Number of Continuous Ranges,Medium,database
1284,Minimum Number of Flips to Convert Binary Matrix to Zero Matrix,Hard,algorithms
1283,Find the Smallest Divisor Given a Threshold,Medium,algorithms
1282,Group the People Given the Group Size They Belong To,Medium,algorithms
1281,Subtract the Product and Sum of Digits of an Integer,Easy,algorithms
1280,Students and Examinations,Easy,database
1278,Palindrome Partitioning III,Hard,algorithms
1277,Count Square Submatrices with All Ones,Medium,algorithms
1276,Number of Burgers with No Waste of Ingredients,Medium,algorithms
1275,Find Winner on a Tic Tac Toe Game,Easy,algorithms
1274,Number of Ships in a Rectangle,Hard,algorithms
1273,Delete Tree Nodes,Medium,algorithms
1272,Remove Interval,Medium,algorithms
1271,Hexspeak,Easy,algorithms
1270,All People Report to the Given Manager,Medium,database
1269,Number of Ways to Stay in the Same Place After Some Steps,Hard,algorithms
1268,Search Suggestions System,Medium,algorithms
1267,Count Servers that Communicate,Medium,algorithms
1266,Minimum Time Visiting All Points,Easy,algorithms
1265,Print Immutable Linked List in Reverse,Medium,algorithms
1264,Page Recommendations,Medium,database
1263,Minimum Moves to Move a Box to Their Target Location,Hard,algorithms
1262,Greatest Sum Divisible by Three,Medium,algorithms
1261,Find Elements in a Contaminated Binary Tree,Medium,algorithms
1260,Shift 2D Grid,Easy,algorithms
1259,Handshakes That Don't Cross,Hard,algorithms
1258,Synonymous Sentences,Medium,algorithms
1257,Smallest Common Region,Medium,algorithms
1256,Encode Number,Medium,algorithms
1255,Maximum Score Words Formed by Letters,Hard,algorithms
1254,Number of Closed Islands,Medium,algorithms
1253,Reconstruct a 2-Row Binary Matrix,Medium,algorithms
1252,Cells with Odd Values in a Matrix,Easy,algorithms
1251,Average Selling Price,Easy,database
1250,Check If It Is a Good Array,Hard,algorithms
1249,Minimum Remove to Make Valid Parentheses,Medium,algorithms
1248,Count Number of Nice Subarrays,Medium,algorithms
1247,Minimum Swaps to Make Strings Equal,Medium,algorithms
1246,Palindrome Removal,Hard,algorithms
1245,Tree Diameter,Medium,algorithms
1244,Design A Leaderboard,Medium,algorithms
1243,Array Transformation,Easy,algorithms
1241,Number of Comments per Post,Easy,database
1240,Tiling a Rectangle with the Fewest Squares,Hard,algorithms
1239,Maximum Length of a Concatenated String with Unique Characters,Medium,algorithms
1238,Circular Permutation in Binary Representation,Medium,algorithms
1237,Find Positive Integer Solution for a Given Equation,Easy,algorithms
1236,Web Crawler,Medium,algorithms
1235,Maximum Profit in Job Scheduling,Hard,algorithms
1234,Replace the Substring for Balanced String,Medium,algorithms
1233,Remove Sub-Folders from the Filesystem,Medium,algorithms
1232,Check If It Is a Straight Line,Easy,algorithms
1231,Divide Chocolate,Hard,algorithms
1230,Toss Strange Coins,Medium,algorithms
1229,Meeting Scheduler,Medium,algorithms
1228,Missing Number In Arithmetic Progression,Easy,algorithms
1227,Airplane Seat Assignment Probability,Medium,algorithms
1225,Report Contiguous Dates,Hard,database
1224,Maximum Equal Frequency,Hard,algorithms
1223,Dice Roll Simulation,Medium,algorithms
1222,Queens That Can Attack the King,Medium,algorithms
1221,Split a String in Balanced Strings,Easy,algorithms
1220,Count Vowels Permutation,Hard,algorithms
1219,Path with Maximum Gold,Medium,algorithms
1218,Longest Arithmetic Subsequence of Given Difference,Medium,algorithms
1217,Minimum Cost to Move Chips to The Same Position,Easy,algorithms
1216,Valid Palindrome III,Hard,algorithms
1215,Stepping Numbers,Medium,algorithms
1214,Two Sum BSTs,Medium,algorithms
1213,Intersection of Three Sorted Arrays,Easy,algorithms
1212,Team Scores in Football Tournament,Medium,database
1211,Queries Quality and Percentage,Easy,database
1210,Minimum Moves to Reach Target with Rotations,Hard,algorithms
1209,Remove All Adjacent Duplicates in String II,Medium,algorithms
1208,Get Equal Substrings Within Budget,Medium,algorithms
1207,Unique Number of Occurrences,Easy,algorithms
1206,Design Skiplist,Hard,algorithms
1205,Monthly Transactions II,Medium,database
1204,Last Person to Fit in the Elevator,Medium,database
1203,Sort Items by Groups Respecting Dependencies,Hard,algorithms
1202,Smallest String With Swaps,Medium,algorithms
1201,Ugly Number III,Medium,algorithms
1200,Minimum Absolute Difference,Easy,algorithms
1199,Minimum Time to Build Blocks,Hard,algorithms
1198,Find Smallest Common Element in All Rows,Medium,algorithms
1197,Minimum Knight Moves,Medium,algorithms
1196,How Many Apples Can You Put into the Basket,Easy,algorithms
1194,Tournament Winners,Hard,database
1193,Monthly Transactions I,Medium,database
1192,Critical Connections in a Network,Hard,algorithms
1191,K-Concatenation Maximum Sum,Medium,algorithms
1190,Reverse Substrings Between Each Pair of Parentheses,Medium,algorithms
1189,Maximum Number of Balloons,Easy,algorithms
1187,Make Array Strictly Increasing,Hard,algorithms
1186,Maximum Subarray Sum with One Deletion,Medium,algorithms
1185,Day of the Week,Easy,algorithms
1184,Distance Between Bus Stops,Easy,algorithms
1183,Maximum Number of Ones,Hard,algorithms
1182,Shortest Distance to Target Color,Medium,algorithms
1181,Before and After Puzzle,Medium,algorithms
1180,Count Substrings with Only One Distinct Letter,Easy,algorithms
1179,Reformat Department Table,Easy,database
1178,Number of Valid Words for Each Puzzle,Hard,algorithms
1177,Can Make Palindrome from Substring,Medium,algorithms
1176,Diet Plan Performance,Easy,algorithms
1175,Prime Arrangements,Easy,algorithms
1174,Immediate Food Delivery II,Medium,database
1173,Immediate Food Delivery I,Easy,database
1172,Dinner Plate Stacks,Hard,algorithms
1171,Remove Zero Sum Consecutive Nodes from Linked List,Medium,algorithms
1170,Compare Strings by Frequency of the Smallest Character,Easy,algorithms
1169,Invalid Transactions,Medium,algorithms
1168,Optimize Water Distribution in a Village,Hard,algorithms
1167,Minimum Cost to Connect Sticks,Medium,algorithms
1166,Design File System,Medium,algorithms
1165,Single-Row Keyboard,Easy,algorithms
1164,Product Price at a Given Date,Medium,database
1163,Last Substring in Lexicographical Order,Hard,algorithms
1162,As Far from Land as Possible,Medium,algorithms
1161,Maximum Level Sum of a Binary Tree,Medium,algorithms
1160,Find Words That Can Be Formed by Characters,Easy,algorithms
1159,Market Analysis II,Hard,database
1158,Market Analysis I,Medium,database
1157,Online Majority Element In Subarray,Hard,algorithms
1156,Swap For Longest Repeated Character Substring,Medium,algorithms
1155,Number of Dice Rolls With Target Sum,Medium,algorithms
1154,Day of the Year,Easy,algorithms
1153,String Transforms Into Another String,Hard,algorithms
1152,Analyze User Website Visit Pattern,Medium,algorithms
1151,Minimum Swaps to Group All 1's Together,Medium,algorithms
1150,Check If a Number Is Majority Element in a Sorted Array,Easy,algorithms
1149,Article Views II,Medium,database
1148,Article Views I,Easy,database
1147,Longest Chunked Palindrome Decomposition,Hard,algorithms
1146,Snapshot Array,Medium,algorithms
1145,Binary Tree Coloring Game,Medium,algorithms
1144,Decrease Elements To Make Array Zigzag,Medium,algorithms
1143,Longest Common Subsequence,Medium,algorithms
1142,User Activity for the Past 30 Days II,Easy,database
1141,User Activity for the Past 30 Days I,Easy,database
1140,Stone Game II,Medium,algorithms
1139,Largest 1-Bordered Square,Medium,algorithms
1138,Alphabet Board Path,Medium,algorithms
1137,N-th Tribonacci Number,Easy,algorithms
1136,Parallel Courses,Hard,algorithms
1135,Connecting Cities With Minimum Cost,Medium,algorithms
1134,Armstrong Number,Easy,algorithms
1133,Largest Unique Number,Easy,algorithms
1132,Reported Posts II,Medium,database
1131,Maximum of Absolute Value Expression,Medium,algorithms
1130,Minimum Cost Tree From Leaf Values,Medium,algorithms
1129,Shortest Path with Alternating Colors,Medium,algorithms
1128,Number of Equivalent Domino Pairs,Easy,algorithms
1127,User Purchase Platform,Hard,database
1126,Active Businesses,Medium,database
1125,Smallest Sufficient Team,Hard,algorithms
1124,Longest Well-Performing Interval,Medium,algorithms
1123,Lowest Common Ancestor of Deepest Leaves,Medium,algorithms
1122,Relative Sort Array,Easy,algorithms
1121,Divide Array Into Increasing Sequences,Hard,algorithms
1120,Maximum Average Subtree,Medium,algorithms
1119,Remove Vowels from a String,Easy,algorithms
1118,Number of Days in a Month,Easy,algorithms
1113,Reported Posts,Easy,database
1112,Highest Grade For Each Student,Medium,database
1111,Maximum Nesting Depth of Two Valid Parentheses Strings,Medium,algorithms
1110,Delete Nodes And Return Forest,Medium,algorithms
1109,Corporate Flight Bookings,Medium,algorithms
1108,Defanging an IP Address,Easy,algorithms
1107,New Users Daily Count,Medium,database
1106,Parsing A Boolean Expression,Hard,algorithms
1105,Filling Bookcase Shelves,Medium,algorithms
1104,Path In Zigzag Labelled Binary Tree,Medium,algorithms
1103,Distribute Candies to People,Easy,algorithms
1102,Path With Maximum Minimum Value,Medium,algorithms
1101,The Earliest Moment When Everyone Become Friends,Medium,algorithms
1100,Find K-Length Substrings With No Repeated Characters,Medium,algorithms
1099,Two Sum Less Than K,Easy,algorithms
1098,Unpopular Books,Medium,database
1097,Game Play Analysis V,Hard,database
1096,Brace Expansion II,Hard,algorithms
1095,Find in Mountain Array,Hard,algorithms
1094,Car Pooling,Medium,algorithms
1093,Statistics from a Large Sample,Medium,algorithms
1092,Shortest Common Supersequence,Hard,algorithms
1091,Shortest Path in Binary Matrix,Medium,algorithms
1090,Largest Values From Labels,Medium,algorithms
1089,Duplicate Zeros,Easy,algorithms
1088,Confusing Number II,Hard,algorithms
1087,Brace Expansion,Medium,algorithms
1086,High Five,Easy,algorithms
1085,Sum of Digits in the Minimum Number,Easy,algorithms
1084,Sales Analysis III,Easy,database
1083,Sales Analysis II,Easy,database
1082,Sales Analysis I,Easy,database
1081,Smallest Subsequence of Distinct Characters,Medium,algorithms
1080,Insufficient Nodes in Root to Leaf Paths,Medium,algorithms
1079,Letter Tile Possibilities,Medium,algorithms
1078,Occurrences After Bigram,Easy,algorithms
1077,Project Employees III,Medium,database
1076,Project Employees II,Easy,database
1075,Project Employees I,Easy,database
1074,Number of Submatrices That Sum to Target,Hard,algorithms
1073,Adding Two Negabinary Numbers,Medium,algorithms
1072,Flip Columns For Maximum Number of Equal Rows,Medium,algorithms
1071,Greatest Common Divisor of Strings,Easy,algorithms
1070,Product Sales Analysis III,Medium,database
1069,Product Sales Analysis II,Easy,database
1068,Product Sales Analysis I,Easy,database
1067,Digit Count in Range,Hard,algorithms
1066,Campus Bikes II,Medium,algorithms
1065,Index Pairs of a String,Easy,algorithms
1064,Fixed Point,Easy,algorithms
1063,Number of Valid Subarrays,Hard,algorithms
1062,Longest Repeating Substring,Medium,algorithms
1061,Lexicographically Smallest Equivalent String,Medium,algorithms
1060,Missing Element in Sorted Array,Medium,algorithms
1059,All Paths from Source Lead to Destination,Medium,algorithms
1058,Minimize Rounding Error to Meet Target,Medium,algorithms
1057,Campus Bikes,Medium,algorithms
1056,Confusing Number,Easy,algorithms
1055,Shortest Way to Form String,Medium,algorithms
1054,Distant Barcodes,Medium,algorithms
1053,Previous Permutation With One Swap,Medium,algorithms
1052,Grumpy Bookstore Owner,Medium,algorithms
1051,Height Checker,Easy,algorithms
1050,Actors and Directors Who Cooperated At Least Three Times,Easy,database
1049,Last Stone Weight II,Medium,algorithms
1048,Longest String Chain,Medium,algorithms
1047,Remove All Adjacent Duplicates In String,Easy,algorithms
1046,Last Stone Weight,Easy,algorithms
1045,Customers Who Bought All Products,Medium,database
1044,Longest Duplicate Substring,Hard,algorithms
1043,Partition Array for Maximum Sum,Medium,algorithms
1042,Flower Planting With No Adjacent,Easy,algorithms
1041,Robot Bounded In Circle,Medium,algorithms
1040,Moving Stones Until Consecutive II,Medium,algorithms
1039,Minimum Score Triangulation of Polygon,Medium,algorithms
1038,Binary Search Tree to Greater Sum Tree,Medium,algorithms
1037,Valid Boomerang,Easy,algorithms
1036,Escape a Large Maze,Hard,algorithms
1035,Uncrossed Lines,Medium,algorithms
1034,Coloring A Border,Medium,algorithms
1033,Moving Stones Until Consecutive,Easy,algorithms
1032,Stream of Characters,Hard,algorithms
1031,Maximum Sum of Two Non-Overlapping Subarrays,Medium,algorithms
1030,Matrix Cells in Distance Order,Easy,algorithms
1029,Two City Scheduling,Medium,algorithms
1028,Recover a Tree From Preorder Traversal,Hard,algorithms
1027,Longest Arithmetic Subsequence,Medium,algorithms
1026,Maximum Difference Between Node and Ancestor,Medium,algorithms
1025,Divisor Game,Easy,algorithms
1024,Video Stitching,Medium,algorithms
1023,Camelcase Matching,Medium,algorithms
1022,Sum of Root To Leaf Binary Numbers,Easy,algorithms
1021,Remove Outermost Parentheses,Easy,algorithms
1020,Number of Enclaves,Medium,algorithms
1019,Next Greater Node In Linked List,Medium,algorithms
1018,Binary Prefix Divisible By 5,Easy,algorithms
1017,Convert to Base -2,Medium,algorithms
1016,Binary String With Substrings Representing 1 To N,Medium,algorithms
1015,Smallest Integer Divisible by K,Medium,algorithms
1014,Best Sightseeing Pair,Medium,algorithms
1013,Partition Array Into Three Parts With Equal Sum,Easy,algorithms
1012,Numbers With Repeated Digits,Hard,algorithms
1011,Capacity To Ship Packages Within D Days,Medium,algorithms
1010,Pairs of Songs With Total Durations Divisible by 60,Easy,algorithms
1009,Complement of Base 10 Integer,Easy,algorithms
1008,Construct Binary Search Tree from Preorder Traversal,Medium,algorithms
1007,Minimum Domino Rotations For Equal Row,Medium,algorithms
1006,Clumsy Factorial,Medium,algorithms
1005,Maximize Sum Of Array After K Negations,Easy,algorithms
1004,Max Consecutive Ones III,Medium,algorithms
1003,Check If Word Is Valid After Substitutions,Medium,algorithms
1002,Find Common Characters,Easy,algorithms
1001,Grid Illumination,Hard,algorithms
1000,Minimum Cost to Merge Stones,Hard,algorithms
999,Available Captures for Rook,Easy,algorithms
998,Maximum Binary Tree II,Medium,algorithms
997,Find the Town Judge,Easy,algorithms
996,Number of Squareful Arrays,Hard,algorithms
995,Minimum Number of K Consecutive Bit Flips,Hard,algorithms
994,Rotting Oranges,Medium,algorithms
993,Cousins in Binary Tree,Easy,algorithms
992,Subarrays with K Different Integers,Hard,algorithms
991,Broken Calculator,Medium,algorithms
990,Satisfiability of Equality Equations,Medium,algorithms
989,Add to Array-Form of Integer,Easy,algorithms
988,Smallest String Starting From Leaf,Medium,algorithms
987,Vertical Order Traversal of a Binary Tree,Medium,algorithms
986,Interval List Intersections,Medium,algorithms
985,Sum of Even Numbers After Queries,Easy,algorithms
984,String Without AAA or BBB,Medium,algorithms
983,Minimum Cost For Tickets,Medium,algorithms
982,Triples with Bitwise AND Equal To Zero,Hard,algorithms
981,Time Based Key-Value Store,Medium,algorithms
980,Unique Paths III,Hard,algorithms
979,Distribute Coins in Binary Tree,Medium,algorithms
978,Longest Turbulent Subarray,Medium,algorithms
977,Squares of a Sorted Array,Easy,algorithms
976,Largest Perimeter Triangle,Easy,algorithms
975,Odd Even Jump,Hard,algorithms
974,Subarray Sums Divisible by K,Medium,algorithms
973,K Closest Points to Origin,Medium,algorithms
972,Equal Rational Numbers,Hard,algorithms
971,Flip Binary Tree To Match Preorder Traversal,Medium,algorithms
970,Powerful Integers,Easy,algorithms
969,Pancake Sorting,Medium,algorithms
968,Binary Tree Cameras,Hard,algorithms
967,Numbers With Same Consecutive Differences,Medium,algorithms
966,Vowel Spellchecker,Medium,algorithms
965,Univalued Binary Tree,Easy,algorithms
964,Least Operators to Express Number,Hard,algorithms
963,Minimum Area Rectangle II,Medium,algorithms
962,Maximum Width Ramp,Medium,algorithms
961,N-Repeated Element in Size 2N Array,Easy,algorithms
960,Delete Columns to Make Sorted III,Hard,algorithms
959,Regions Cut By Slashes,Medium,algorithms
958,Check Completeness of a Binary Tree,Medium,algorithms
957,Prison Cells After N Days,Medium,algorithms
956,Tallest Billboard,Hard,algorithms
955,Delete Columns to Make Sorted II,Medium,algorithms
954,Array of Doubled Pairs,Medium,algorithms
953,Verifying an Alien Dictionary,Easy,algorithms
952,Largest Component Size by Common Factor,Hard,algorithms
951,Flip Equivalent Binary Trees,Medium,algorithms
950,Reveal Cards In Increasing Order,Medium,algorithms
949,Largest Time for Given Digits,Easy,algorithms
948,Bag of Tokens,Medium,algorithms
947,Most Stones Removed with Same Row or Column,Medium,algorithms
946,Validate Stack Sequences,Medium,algorithms
945,Minimum Increment to Make Array Unique,Medium,algorithms
944,Delete Columns to Make Sorted,Easy,algorithms
943,Find the Shortest Superstring,Hard,algorithms
942,DI String Match,Easy,algorithms
941,Valid Mountain Array,Easy,algorithms
940,Distinct Subsequences II,Hard,algorithms
939,Minimum Area Rectangle,Medium,algorithms
938,Range Sum of BST,Easy,algorithms
937,Reorder Data in Log Files,Easy,algorithms
936,Stamping The Sequence,Hard,algorithms
935,Knight Dialer,Medium,algorithms
934,Shortest Bridge,Medium,algorithms
933,Number of Recent Calls,Easy,algorithms
932,Beautiful Array,Medium,algorithms
931,Minimum Falling Path Sum,Medium,algorithms
930,Binary Subarrays With Sum,Medium,algorithms
929,Unique Email Addresses,Easy,algorithms
928,Minimize Malware Spread II,Hard,algorithms
927,Three Equal Parts,Hard,algorithms
926,Flip String to Monotone Increasing,Medium,algorithms
925,Long Pressed Name,Easy,algorithms
924,Minimize Malware Spread,Hard,algorithms
923,3Sum With Multiplicity,Medium,algorithms
922,Sort Array By Parity II,Easy,algorithms
921,Minimum Add to Make Parentheses Valid,Medium,algorithms
920,Number of Music Playlists,Hard,algorithms
919,Complete Binary Tree Inserter,Medium,algorithms
918,Maximum Sum Circular Subarray,Medium,algorithms
917,Reverse Only Letters,Easy,algorithms
916,Word Subsets,Medium,algorithms
915,Partition Array into Disjoint Intervals,Medium,algorithms
914,X of a Kind in a Deck of Cards,Easy,algorithms
913,Cat and Mouse,Hard,algorithms
912,Sort an Array,Medium,algorithms
911,Online Election,Medium,algorithms
910,Smallest Range II,Medium,algorithms
909,Snakes and Ladders,Medium,algorithms
908,Smallest Range I,Easy,algorithms
907,Sum of Subarray Minimums,Medium,algorithms
906,Super Palindromes,Hard,algorithms
905,Sort Array By Parity,Easy,algorithms
904,Fruit Into Baskets,Medium,algorithms
903,Valid Permutations for DI Sequence,Hard,algorithms
902,Numbers At Most N Given Digit Set,Hard,algorithms
901,Online Stock Span,Medium,algorithms
900,RLE Iterator,Medium,algorithms
899,Orderly Queue,Hard,algorithms
898,Bitwise ORs of Subarrays,Medium,algorithms
897,Increasing Order Search Tree,Easy,algorithms
896,Monotonic Array,Easy,algorithms
895,Maximum Frequency Stack,Hard,algorithms
894,All Possible Full Binary Trees,Medium,algorithms
893,Groups of Special-Equivalent Strings,Easy,algorithms
892,Surface Area of 3D Shapes,Easy,algorithms
891,Sum of Subsequence Widths,Hard,algorithms
890,Find and Replace Pattern,Medium,algorithms
889,Construct Binary Tree from Preorder and Postorder Traversal,Medium,algorithms
888,Fair Candy Swap,Easy,algorithms
887,Super Egg Drop,Hard,algorithms
886,Possible Bipartition,Medium,algorithms
885,Spiral Matrix III,Medium,algorithms
884,Uncommon Words from Two Sentences,Easy,algorithms
883,Projection Area of 3D Shapes,Easy,algorithms
882,Reachable Nodes In Subdivided Graph,Hard,algorithms
881,Boats to Save People,Medium,algorithms
880,Decoded String at Index,Medium,algorithms
879,Profitable Schemes,Hard,algorithms
878,Nth Magical Number,Hard,algorithms
877,Stone Game,Medium,algorithms
876,Middle of the Linked List,Easy,algorithms
875,Koko Eating Bananas,Medium,algorithms
874,Walking Robot Simulation,Easy,algorithms
873,Length of Longest Fibonacci Subsequence,Medium,algorithms
872,Leaf-Similar Trees,Easy,algorithms
871,Minimum Number of Refueling Stops,Hard,algorithms
870,Advantage Shuffle,Medium,algorithms
869,Reordered Power of 2,Medium,algorithms
868,Binary Gap,Easy,algorithms
867,Transpose Matrix,Easy,algorithms
866,Prime Palindrome,Medium,algorithms
865,Smallest Subtree with all the Deepest Nodes,Medium,algorithms
864,Shortest Path to Get All Keys,Hard,algorithms
863,All Nodes Distance K in Binary Tree,Medium,algorithms
862,Shortest Subarray with Sum at Least K,Hard,algorithms
861,Score After Flipping Matrix,Medium,algorithms
860,Lemonade Change,Easy,algorithms
859,Buddy Strings,Easy,algorithms
858,Mirror Reflection,Medium,algorithms
857,Minimum Cost to Hire K Workers,Hard,algorithms
856,Score of Parentheses,Medium,algorithms
855,Exam Room,Medium,algorithms
854,K-Similar Strings,Hard,algorithms
853,Car Fleet,Medium,algorithms
852,Peak Index in a Mountain Array,Easy,algorithms
851,Loud and Rich,Medium,algorithms
850,Rectangle Area II,Hard,algorithms
849,Maximize Distance to Closest Person,Easy,algorithms
848,Shifting Letters,Medium,algorithms
847,Shortest Path Visiting All Nodes,Hard,algorithms
846,Hand of Straights,Medium,algorithms
845,Longest Mountain in Array,Medium,algorithms
844,Backspace String Compare,Easy,algorithms
843,Guess the Word,Hard,algorithms
842,Split Array into Fibonacci Sequence,Medium,algorithms
841,Keys and Rooms,Medium,algorithms
840,Magic Squares In Grid,Easy,algorithms
839,Similar String Groups,Hard,algorithms
838,Push Dominoes,Medium,algorithms
837,New 21 Game,Medium,algorithms
836,Rectangle Overlap,Easy,algorithms
835,Image Overlap,Medium,algorithms
834,Sum of Distances in Tree,Hard,algorithms
833,Find And Replace in String,Medium,algorithms
832,Flipping an Image,Easy,algorithms
831,Masking Personal Information,Medium,algorithms
830,Positions of Large Groups,Easy,algorithms
829,Consecutive Numbers Sum,Hard,algorithms
828,Count Unique Characters of All Substrings of a Given String,Hard,algorithms
827,Making A Large Island,Hard,algorithms
826,Most Profit Assigning Work,Medium,algorithms
825,Friends Of Appropriate Ages,Medium,algorithms
824,Goat Latin,Easy,algorithms
823,Binary Trees With Factors,Medium,algorithms
822,Card Flipping Game,Medium,algorithms
821,Shortest Distance to a Character,Easy,algorithms
820,Short Encoding of Words,Medium,algorithms
819,Most Common Word,Easy,algorithms
818,Race Car,Hard,algorithms
817,Linked List Components,Medium,algorithms
816,Ambiguous Coordinates,Medium,algorithms
815,Bus Routes,Hard,algorithms
814,Binary Tree Pruning,Medium,algorithms
813,Largest Sum of Averages,Medium,algorithms
812,Largest Triangle Area,Easy,algorithms
811,Subdomain Visit Count,Easy,algorithms
810,Chalkboard XOR Game,Hard,algorithms
809,Expressive Words,Medium,algorithms
808,Soup Servings,Medium,algorithms
807,Max Increase to Keep City Skyline,Medium,algorithms
806,Number of Lines To Write String,Easy,algorithms
805,Split Array With Same Average,Hard,algorithms
804,Unique Morse Code Words,Easy,algorithms
803,Bricks Falling When Hit,Hard,algorithms
802,Find Eventual Safe States,Medium,algorithms
801,Minimum Swaps To Make Sequences Increasing,Medium,algorithms
800,Similar RGB Color,Easy,algorithms
799,Champagne Tower,Medium,algorithms
798,Smallest Rotation with Highest Score,Hard,algorithms
797,All Paths From Source to Target,Medium,algorithms
796,Rotate String,Easy,algorithms
795,Number of Subarrays with Bounded Maximum,Medium,algorithms
794,Valid Tic-Tac-Toe State,Medium,algorithms
793,Preimage Size of Factorial Zeroes Function,Hard,algorithms
792,Number of Matching Subsequences,Medium,algorithms
791,Custom Sort String,Medium,algorithms
790,Domino and Tromino Tiling,Medium,algorithms
789,Escape The Ghosts,Medium,algorithms
788,Rotated Digits,Easy,algorithms
787,Cheapest Flights Within K Stops,Medium,algorithms
786,K-th Smallest Prime Fraction,Hard,algorithms
785,Is Graph Bipartite?,Medium,algorithms
784,Letter Case Permutation,Medium,algorithms
783,Minimum Distance Between BST Nodes,Easy,algorithms
782,Transform to Chessboard,Hard,algorithms
781,Rabbits in Forest,Medium,algorithms
780,Reaching Points,Hard,algorithms
779,K-th Symbol in Grammar,Medium,algorithms
778,Swim in Rising Water,Hard,algorithms
777,Swap Adjacent in LR String,Medium,algorithms
776,Split BST,Medium,algorithms
775,Global and Local Inversions,Medium,algorithms
774,Minimize Max Distance to Gas Station,Hard,algorithms
773,Sliding Puzzle,Hard,algorithms
772,Basic Calculator III,Hard,algorithms
771,Jewels and Stones,Easy,algorithms
770,Basic Calculator IV,Hard,algorithms
769,Max Chunks To Make Sorted,Medium,algorithms
768,Max Chunks To Make Sorted II,Hard,algorithms
767,Reorganize String,Medium,algorithms
766,Toeplitz Matrix,Easy,algorithms
765,Couples Holding Hands,Hard,algorithms
764,Largest Plus Sign,Medium,algorithms
763,Partition Labels,Medium,algorithms
762,Prime Number of Set Bits in Binary Representation,Easy,algorithms
761,Special Binary String,Hard,algorithms
760,Find Anagram Mappings,Easy,algorithms
759,Employee Free Time,Hard,algorithms
758,Bold Words in String,Easy,algorithms
757,Set Intersection Size At Least Two,Hard,algorithms
756,Pyramid Transition Matrix,Medium,algorithms
755,Pour Water,Medium,algorithms
754,Reach a Number,Medium,algorithms
753,Cracking the Safe,Hard,algorithms
752,Open the Lock,Medium,algorithms
751,IP to CIDR,Medium,algorithms
750,Number Of Corner Rectangles,Medium,algorithms
749,Contain Virus,Hard,algorithms
748,Shortest Completing Word,Easy,algorithms
747,Largest Number At Least Twice of Others,Easy,algorithms
746,Min Cost Climbing Stairs,Easy,algorithms
745,Prefix and Suffix Search,Hard,algorithms
744,Find Smallest Letter Greater Than Target,Easy,algorithms
743,Network Delay Time,Medium,algorithms
742,Closest Leaf in a Binary Tree,Medium,algorithms
741,Cherry Pickup,Hard,algorithms
740,Delete and Earn,Medium,algorithms
739,Daily Temperatures,Medium,algorithms
738,Monotone Increasing Digits,Medium,algorithms
737,Sentence Similarity II,Medium,algorithms
736,Parse Lisp Expression,Hard,algorithms
735,Asteroid Collision,Medium,algorithms
734,Sentence Similarity,Easy,algorithms
733,Flood Fill,Easy,algorithms
732,My Calendar III,Hard,algorithms
731,My Calendar II,Medium,algorithms
730,Count Different Palindromic Subsequences,Hard,algorithms
729,My Calendar I,Medium,algorithms
728,Self Dividing Numbers,Easy,algorithms
727,Minimum Window Subsequence,Hard,algorithms
726,Number of Atoms,Hard,algorithms
725,Split Linked List in Parts,Medium,algorithms
724,Find Pivot Index,Easy,algorithms
723,Candy Crush,Medium,algorithms
722,Remove Comments,Medium,algorithms
721,Accounts Merge,Medium,algorithms
720,Longest Word in Dictionary,Easy,algorithms
719,Find K-th Smallest Pair Distance,Hard,algorithms
718,Maximum Length of Repeated Subarray,Medium,algorithms
717,1-bit and 2-bit Characters,Easy,algorithms
716,Max Stack,Easy,algorithms
715,Range Module,Hard,algorithms
714,Best Time to Buy and Sell Stock with Transaction Fee,Medium,algorithms
713,Subarray Product Less Than K,Medium,algorithms
712,Minimum ASCII Delete Sum for Two Strings,Medium,algorithms
711,Number of Distinct Islands II,Hard,algorithms
710,Random Pick with Blacklist,Hard,algorithms
709,To Lower Case,Easy,algorithms
708,Insert into a Sorted Circular Linked List,Medium,algorithms
707,Design Linked List,Medium,algorithms
706,Design HashMap,Easy,algorithms
705,Design HashSet,Easy,algorithms
704,Binary Search,Easy,algorithms
703,Kth Largest Element in a Stream,Easy,algorithms
702,Search in a Sorted Array of Unknown Size,Medium,algorithms
701,Insert into a Binary Search Tree,Medium,algorithms
700,Search in a Binary Search Tree,Easy,algorithms
699,Falling Squares,Hard,algorithms
698,Partition to K Equal Sum Subsets,Medium,algorithms
697,Degree of an Array,Easy,algorithms
696,Count Binary Substrings,Easy,algorithms
695,Max Area of Island,Medium,algorithms
694,Number of Distinct Islands,Medium,algorithms
693,Binary Number with Alternating Bits,Easy,algorithms
692,Top K Frequent Words,Medium,algorithms
691,Stickers to Spell Word,Hard,algorithms
690,Employee Importance,Easy,algorithms
689,Maximum Sum of 3 Non-Overlapping Subarrays,Hard,algorithms
688,Knight Probability in Chessboard,Medium,algorithms
687,Longest Univalue Path,Easy,algorithms
686,Repeated String Match,Medium,algorithms
685,Redundant Connection II,Hard,algorithms
684,Redundant Connection,Medium,algorithms
683,K Empty Slots,Hard,algorithms
682,Baseball Game,Easy,algorithms
681,Next Closest Time,Medium,algorithms
680,Valid Palindrome II,Easy,algorithms
679,24 Game,Hard,algorithms
678,Valid Parenthesis String,Medium,algorithms
677,Map Sum Pairs,Medium,algorithms
676,Implement Magic Dictionary,Medium,algorithms
675,Cut Off Trees for Golf Event,Hard,algorithms
674,Longest Continuous Increasing Subsequence,Easy,algorithms
673,Number of Longest Increasing Subsequence,Medium,algorithms
672,Bulb Switcher II,Medium,algorithms
671,Second Minimum Node In a Binary Tree,Easy,algorithms
670,Maximum Swap,Medium,algorithms
669,Trim a Binary Search Tree,Easy,algorithms
668,Kth Smallest Number in Multiplication Table,Hard,algorithms
667,Beautiful Arrangement II,Medium,algorithms
666,Path Sum IV,Medium,algorithms
665,Non-decreasing Array,Easy,algorithms
664,Strange Printer,Hard,algorithms
663,Equal Tree Partition,Medium,algorithms
662,Maximum Width of Binary Tree,Medium,algorithms
661,Image Smoother,Easy,algorithms
660,Remove 9,Hard,algorithms
659,Split Array into Consecutive Subsequences,Medium,algorithms
658,Find K Closest Elements,Medium,algorithms
657,Robot Return to Origin,Easy,algorithms
656,Coin Path,Hard,algorithms
655,Print Binary Tree,Medium,algorithms
654,Maximum Binary Tree,Medium,algorithms
653,Two Sum IV - Input is a BST,Easy,algorithms
652,Find Duplicate Subtrees,Medium,algorithms
651,4 Keys Keyboard,Medium,algorithms
650,2 Keys Keyboard,Medium,algorithms
649,Dota2 Senate,Medium,algorithms
648,Replace Words,Medium,algorithms
647,Palindromic Substrings,Medium,algorithms
646,Maximum Length of Pair Chain,Medium,algorithms
645,Set Mismatch,Easy,algorithms
644,Maximum Average Subarray II,Hard,algorithms
643,Maximum Average Subarray I,Easy,algorithms
642,Design Search Autocomplete System,Hard,algorithms
641,Design Circular Deque,Medium,algorithms
640,Solve the Equation,Medium,algorithms
639,Decode Ways II,Hard,algorithms
638,Shopping Offers,Medium,algorithms
637,Average of Levels in Binary Tree,Easy,algorithms
636,Exclusive Time of Functions,Medium,algorithms
635,Design Log Storage System,Medium,algorithms
634,Find the Derangement of An Array,Medium,algorithms
633,Sum of Square Numbers,Easy,algorithms
632,Smallest Range Covering Elements from K Lists,Hard,algorithms
631,Design Excel Sum Formula,Hard,algorithms
630,Course Schedule III,Hard,algorithms
629,K Inverse Pairs Array,Hard,algorithms
628,Maximum Product of Three Numbers,Easy,algorithms
627,Swap Salary,Easy,database
626,Exchange Seats,Medium,database
625,Minimum Factorization,Medium,algorithms
624,Maximum Distance in Arrays,Easy,algorithms
623,Add One Row to Tree,Medium,algorithms
622,Design Circular Queue,Medium,algorithms
621,Task Scheduler,Medium,algorithms
620,Not Boring Movies,Easy,database
619,Biggest Single Number,Easy,database
618,Students Report By Geography,Hard,database
617,Merge Two Binary Trees,Easy,algorithms
616,Add Bold Tag in String,Medium,algorithms
615,Average Salary: Departments VS Company,Hard,database
614,Second Degree Follower,Medium,database
613,Shortest Distance in a Line,Easy,database
612,Shortest Distance in a Plane,Medium,database
611,Valid Triangle Number,Medium,algorithms
610,Triangle Judgement,Easy,database
609,Find Duplicate File in System,Medium,algorithms
608,Tree Node,Medium,database
607,Sales Person,Easy,database
606,Construct String from Binary Tree,Easy,algorithms
605,Can Place Flowers,Easy,algorithms
604,Design Compressed String Iterator,Easy,algorithms
603,Consecutive Available Seats,Easy,database
602,Friend Requests II: Who Has the Most Friends,Medium,database
601,Human Traffic of Stadium,Hard,database
600,Non-negative Integers without Consecutive Ones,Hard,algorithms
599,Minimum Index Sum of Two Lists,Easy,algorithms
598,Range Addition II,Easy,algorithms
597,Friend Requests I: Overall Acceptance Rate,Easy,database
596,Classes More Than 5 Students,Easy,database
595,Big Countries,Easy,database
594,Longest Harmonious Subsequence,Easy,algorithms
593,Valid Square,Medium,algorithms
592,Fraction Addition and Subtraction,Medium,algorithms
591,Tag Validator,Hard,algorithms
590,N-ary Tree Postorder Traversal,Easy,algorithms
589,N-ary Tree Preorder Traversal,Easy,algorithms
588,Design In-Memory File System,Hard,algorithms
587,Erect the Fence,Hard,algorithms
586,Customer Placing the Largest Number of Orders,Easy,database
585,Investments in 2016,Medium,database
584,Find Customer Referee,Easy,database
583,Delete Operation for Two Strings,Medium,algorithms
582,Kill Process,Medium,algorithms
581,Shortest Unsorted Continuous Subarray,Easy,algorithms
580,Count Student Number in Departments,Medium,database
579,Find Cumulative Salary of an Employee,Hard,database
578,Get Highest Answer Rate Question,Medium,database
577,Employee Bonus,Easy,database
576,Out of Boundary Paths,Medium,algorithms
575,Distribute Candies,Easy,algorithms
574,Winning Candidate,Medium,database
573,Squirrel Simulation,Medium,algorithms
572,Subtree of Another Tree,Easy,algorithms
571,Find Median Given Frequency of Numbers,Hard,database
570,Managers with at Least 5 Direct Reports,Medium,database
569,Median Employee Salary,Hard,database
568,Maximum Vacation Days,Hard,algorithms
567,Permutation in String,Medium,algorithms
566,Reshape the Matrix,Easy,algorithms
565,Array Nesting,Medium,algorithms
564,Find the Closest Palindrome,Hard,algorithms
563,Binary Tree Tilt,Easy,algorithms
562,Longest Line of Consecutive One in Matrix,Medium,algorithms
561,Array Partition I,Easy,algorithms
560,Subarray Sum Equals K,Medium,algorithms
559,Maximum Depth of N-ary Tree,Easy,algorithms
558,Logical OR of Two Binary Grids Represented as Quad-Trees,Medium,algorithms
557,Reverse Words in a String III,Easy,algorithms
556,Next Greater Element III,Medium,algorithms
555,Split Concatenated Strings,Medium,algorithms
554,Brick Wall,Medium,algorithms
553,Optimal Division,Medium,algorithms
552,Student Attendance Record II,Hard,algorithms
551,Student Attendance Record I,Easy,algorithms
550,Game Play Analysis IV,Medium,database
549,Binary Tree Longest Consecutive Sequence II,Medium,algorithms
548,Split Array with Equal Sum,Medium,algorithms
547,Friend Circles,Medium,algorithms
546,Remove Boxes,Hard,algorithms
545,Boundary of Binary Tree,Medium,algorithms
544,Output Contest Matches,Medium,algorithms
543,Diameter of Binary Tree,Easy,algorithms
542,01 Matrix,Medium,algorithms
541,Reverse String II,Easy,algorithms
540,Single Element in a Sorted Array,Medium,algorithms
539,Minimum Time Difference,Medium,algorithms
538,Convert BST to Greater Tree,Easy,algorithms
537,Complex Number Multiplication,Medium,algorithms
536,Construct Binary Tree from String,Medium,algorithms
535,Encode and Decode TinyURL,Medium,algorithms
534,Game Play Analysis III,Medium,database
533,Lonely Pixel II,Medium,algorithms
532,K-diff Pairs in an Array,Easy,algorithms
531,Lonely Pixel I,Medium,algorithms
530,Minimum Absolute Difference in BST,Easy,algorithms
529,Minesweeper,Medium,algorithms
528,Random Pick with Weight,Medium,algorithms
527,Word Abbreviation,Hard,algorithms
526,Beautiful Arrangement,Medium,algorithms
525,Contiguous Array,Medium,algorithms
524,Longest Word in Dictionary through Deleting,Medium,algorithms
523,Continuous Subarray Sum,Medium,algorithms
522,Longest Uncommon Subsequence II,Medium,algorithms
521,Longest Uncommon Subsequence I,Easy,algorithms
520,Detect Capital,Easy,algorithms
519,Random Flip Matrix,Medium,algorithms
518,Coin Change 2,Medium,algorithms
517,Super Washing Machines,Hard,algorithms
516,Longest Palindromic Subsequence,Medium,algorithms
515,Find Largest Value in Each Tree Row,Medium,algorithms
514,Freedom Trail,Hard,algorithms
513,Find Bottom Left Tree Value,Medium,algorithms
512,Game Play Analysis II,Easy,database
511,Game Play Analysis I,Easy,database
510,Inorder Successor in BST II,Medium,algorithms
509,Fibonacci Number,Easy,algorithms
508,Most Frequent Subtree Sum,Medium,algorithms
507,Perfect Number,Easy,algorithms
506,Relative Ranks,Easy,algorithms
505,The Maze II,Medium,algorithms
504,Base 7,Easy,algorithms
503,Next Greater Element II,Medium,algorithms
502,IPO,Hard,algorithms
501,Find Mode in Binary Search Tree,Easy,algorithms
500,Keyboard Row,Easy,algorithms
499,The Maze III,Hard,algorithms
498,Diagonal Traverse,Medium,algorithms
497,Random Point in Non-overlapping Rectangles,Medium,algorithms
496,Next Greater Element I,Easy,algorithms
495,Teemo Attacking,Medium,algorithms
494,Target Sum,Medium,algorithms
493,Reverse Pairs,Hard,algorithms
492,Construct the Rectangle,Easy,algorithms
491,Increasing Subsequences,Medium,algorithms
490,The Maze,Medium,algorithms
489,Robot Room Cleaner,Hard,algorithms
488,Zuma Game,Hard,algorithms
487,Max Consecutive Ones II,Medium,algorithms
486,Predict the Winner,Medium,algorithms
485,Max Consecutive Ones,Easy,algorithms
484,Find Permutation,Medium,algorithms
483,Smallest Good Base,Hard,algorithms
482,License Key Formatting,Easy,algorithms
481,Magical String,Medium,algorithms
480,Sliding Window Median,Hard,algorithms
479,Largest Palindrome Product,Hard,algorithms
478,Generate Random Point in a Circle,Medium,algorithms
477,Total Hamming Distance,Medium,algorithms
476,Number Complement,Easy,algorithms
475,Heaters,Easy,algorithms
474,Ones and Zeroes,Medium,algorithms
473,Matchsticks to Square,Medium,algorithms
472,Concatenated Words,Hard,algorithms
471,Encode String with Shortest Length,Hard,algorithms
470,Implement Rand10() Using Rand7(),Medium,algorithms
469,Convex Polygon,Medium,algorithms
468,Validate IP Address,Medium,algorithms
467,Unique Substrings in Wraparound String,Medium,algorithms
466,Count The Repetitions,Hard,algorithms
465,Optimal Account Balancing,Hard,algorithms
464,Can I Win,Medium,algorithms
463,Island Perimeter,Easy,algorithms
462,Minimum Moves to Equal Array Elements II,Medium,algorithms
461,Hamming Distance,Easy,algorithms
460,LFU Cache,Hard,algorithms
459,Repeated Substring Pattern,Easy,algorithms
458,Poor Pigs,Hard,algorithms
457,Circular Array Loop,Medium,algorithms
456,132 Pattern,Medium,algorithms
455,Assign Cookies,Easy,algorithms
454,4Sum II,Medium,algorithms
453,Minimum Moves to Equal Array Elements,Easy,algorithms
452,Minimum Number of Arrows to Burst Balloons,Medium,algorithms
451,Sort Characters By Frequency,Medium,algorithms
450,Delete Node in a BST,Medium,algorithms
449,Serialize and Deserialize BST,Medium,algorithms
448,Find All Numbers Disappeared in an Array,Easy,algorithms
447,Number of Boomerangs,Easy,algorithms
446,Arithmetic Slices II - Subsequence,Hard,algorithms
445,Add Two Numbers II,Medium,algorithms
444,Sequence Reconstruction,Medium,algorithms
443,String Compression,Easy,algorithms
442,Find All Duplicates in an Array,Medium,algorithms
441,Arranging Coins,Easy,algorithms
440,K-th Smallest in Lexicographical Order,Hard,algorithms
439,Ternary Expression Parser,Medium,algorithms
438,Find All Anagrams in a String,Medium,algorithms
437,Path Sum III,Medium,algorithms
436,Find Right Interval,Medium,algorithms
435,Non-overlapping Intervals,Medium,algorithms
434,Number of Segments in a String,Easy,algorithms
433,Minimum Genetic Mutation,Medium,algorithms
432,All O`one Data Structure,Hard,algorithms
431,Encode N-ary Tree to Binary Tree,Hard,algorithms
430,Flatten a Multilevel Doubly Linked List,Medium,algorithms
429,N-ary Tree Level Order Traversal,Medium,algorithms
428,Serialize and Deserialize N-ary Tree,Hard,algorithms
427,Construct Quad Tree,Medium,algorithms
426,Convert Binary Search Tree to Sorted Doubly Linked List,Medium,algorithms
425,Word Squares,Hard,algorithms
424,Longest Repeating Character Replacement,Medium,algorithms
423,Reconstruct Original Digits from English,Medium,algorithms
422,Valid Word Square,Easy,algorithms
421,Maximum XOR of Two Numbers in an Array,Medium,algorithms
420,Strong Password Checker,Hard,algorithms
419,Battleships in a Board,Medium,algorithms
418,Sentence Screen Fitting,Medium,algorithms
417,Pacific Atlantic Water Flow,Medium,algorithms
416,Partition Equal Subset Sum,Medium,algorithms
415,Add Strings,Easy,algorithms
414,Third Maximum Number,Easy,algorithms
413,Arithmetic Slices,Medium,algorithms
412,Fizz Buzz,Easy,algorithms
411,Minimum Unique Word Abbreviation,Hard,algorithms
410,Split Array Largest Sum,Hard,algorithms
409,Longest Palindrome,Easy,algorithms
408,Valid Word Abbreviation,Easy,algorithms
407,Trapping Rain Water II,Hard,algorithms
406,Queue Reconstruction by Height,Medium,algorithms
405,Convert a Number to Hexadecimal,Easy,algorithms
404,Sum of Left Leaves,Easy,algorithms
403,Frog Jump,Hard,algorithms
402,Remove K Digits,Medium,algorithms
401,Binary Watch,Easy,algorithms
400,Nth Digit,Medium,algorithms
399,Evaluate Division,Medium,algorithms
398,Random Pick Index,Medium,algorithms
397,Integer Replacement,Medium,algorithms
396,Rotate Function,Medium,algorithms
395,Longest Substring with At Least K Repeating Characters,Medium,algorithms
394,Decode String,Medium,algorithms
393,UTF-8 Validation,Medium,algorithms
392,Is Subsequence,Easy,algorithms
391,Perfect Rectangle,Hard,algorithms
390,Elimination Game,Medium,algorithms
389,Find the Difference,Easy,algorithms
388,Longest Absolute File Path,Medium,algorithms
387,First Unique Character in a String,Easy,algorithms
386,Lexicographical Numbers,Medium,algorithms
385,Mini Parser,Medium,algorithms
384,Shuffle an Array,Medium,algorithms
383,Ransom Note,Easy,algorithms
382,Linked List Random Node,Medium,algorithms
381,Insert Delete GetRandom O(1) - Duplicates allowed,Hard,algorithms
380,Insert Delete GetRandom O(1),Medium,algorithms
379,Design Phone Directory,Medium,algorithms
378,Kth Smallest Element in a Sorted Matrix,Medium,algorithms
377,Combination Sum IV,Medium,algorithms
376,Wiggle Subsequence,Medium,algorithms
375,Guess Number Higher or Lower II,Medium,algorithms
374,Guess Number Higher or Lower,Easy,algorithms
373,Find K Pairs with Smallest Sums,Medium,algorithms
372,Super Pow,Medium,algorithms
371,Sum of Two Integers,Medium,algorithms
370,Range Addition,Medium,algorithms
369,Plus One Linked List,Medium,algorithms
368,Largest Divisible Subset,Medium,algorithms
367,Valid Perfect Square,Easy,algorithms
366,Find Leaves of Binary Tree,Medium,algorithms
365,Water and Jug Problem,Medium,algorithms
364,Nested List Weight Sum II,Medium,algorithms
363,Max Sum of Rectangle No Larger Than K,Hard,algorithms
362,Design Hit Counter,Medium,algorithms
361,Bomb Enemy,Medium,algorithms
360,Sort Transformed Array,Medium,algorithms
359,Logger Rate Limiter,Easy,algorithms
358,Rearrange String k Distance Apart,Hard,algorithms
357,Count Numbers with Unique Digits,Medium,algorithms
356,Line Reflection,Medium,algorithms
355,Design Twitter,Medium,algorithms
354,Russian Doll Envelopes,Hard,algorithms
353,Design Snake Game,Medium,algorithms
352,Data Stream as Disjoint Intervals,Hard,algorithms
351,Android Unlock Patterns,Medium,algorithms
350,Intersection of Two Arrays II,Easy,algorithms
349,Intersection of Two Arrays,Easy,algorithms
348,Design Tic-Tac-Toe,Medium,algorithms
347,Top K Frequent Elements,Medium,algorithms
346,Moving Average from Data Stream,Easy,algorithms
345,Reverse Vowels of a String,Easy,algorithms
344,Reverse String,Easy,algorithms
343,Integer Break,Medium,algorithms
342,Power of Four,Easy,algorithms
341,Flatten Nested List Iterator,Medium,algorithms
340,Longest Substring with At Most K Distinct Characters,Hard,algorithms
339,Nested List Weight Sum,Easy,algorithms
338,Counting Bits,Medium,algorithms
337,House Robber III,Medium,algorithms
336,Palindrome Pairs,Hard,algorithms
335,Self Crossing,Hard,algorithms
334,Increasing Triplet Subsequence,Medium,algorithms
333,Largest BST Subtree,Medium,algorithms
332,Reconstruct Itinerary,Medium,algorithms
331,Verify Preorder Serialization of a Binary Tree,Medium,algorithms
330,Patching Array,Hard,algorithms
329,Longest Increasing Path in a Matrix,Hard,algorithms
328,Odd Even Linked List,Medium,algorithms
327,Count of Range Sum,Hard,algorithms
326,Power of Three,Easy,algorithms
325,Maximum Size Subarray Sum Equals k,Medium,algorithms
324,Wiggle Sort II,Medium,algorithms
323,Number of Connected Components in an Undirected Graph,Medium,algorithms
322,Coin Change,Medium,algorithms
321,Create Maximum Number,Hard,algorithms
320,Generalized Abbreviation,Medium,algorithms
319,Bulb Switcher,Medium,algorithms
318,Maximum Product of Word Lengths,Medium,algorithms
317,Shortest Distance from All Buildings,Hard,algorithms
316,Remove Duplicate Letters,Hard,algorithms
315,Count of Smaller Numbers After Self,Hard,algorithms
314,Binary Tree Vertical Order Traversal,Medium,algorithms
313,Super Ugly Number,Medium,algorithms
312,Burst Balloons,Hard,algorithms
311,Sparse Matrix Multiplication,Medium,algorithms
310,Minimum Height Trees,Medium,algorithms
309,Best Time to Buy and Sell Stock with Cooldown,Medium,algorithms
308,Range Sum Query 2D - Mutable,Hard,algorithms
307,Range Sum Query - Mutable,Medium,algorithms
306,Additive Number,Medium,algorithms
305,Number of Islands II,Hard,algorithms
304,Range Sum Query 2D - Immutable,Medium,algorithms
303,Range Sum Query - Immutable,Easy,algorithms
302,Smallest Rectangle Enclosing Black Pixels,Hard,algorithms
301,Remove Invalid Parentheses,Hard,algorithms
300,Longest Increasing Subsequence,Medium,algorithms
299,Bulls and Cows,Easy,algorithms
298,Binary Tree Longest Consecutive Sequence,Medium,algorithms
297,Serialize and Deserialize Binary Tree,Hard,algorithms
296,Best Meeting Point,Hard,algorithms
295,Find Median from Data Stream,Hard,algorithms
294,Flip Game II,Medium,algorithms
293,Flip Game,Easy,algorithms
292,Nim Game,Easy,algorithms
291,Word Pattern II,Hard,algorithms
290,Word Pattern,Easy,algorithms
289,Game of Life,Medium,algorithms
288,Unique Word Abbreviation,Medium,algorithms
287,Find the Duplicate Number,Medium,algorithms
286,Walls and Gates,Medium,algorithms
285,Inorder Successor in BST,Medium,algorithms
284,Peeking Iterator,Medium,algorithms
283,Move Zeroes,Easy,algorithms
282,Expression Add Operators,Hard,algorithms
281,Zigzag Iterator,Medium,algorithms
280,Wiggle Sort,Medium,algorithms
279,Perfect Squares,Medium,algorithms
278,First Bad Version,Easy,algorithms
277,Find the Celebrity,Medium,algorithms
276,Paint Fence,Easy,algorithms
275,H-Index II,Medium,algorithms
274,H-Index,Medium,algorithms
273,Integer to English Words,Hard,algorithms
272,Closest Binary Search Tree Value II,Hard,algorithms
271,Encode and Decode Strings,Medium,algorithms
270,Closest Binary Search Tree Value,Easy,algorithms
269,Alien Dictionary,Hard,algorithms
268,Missing Number,Easy,algorithms
267,Palindrome Permutation II,Medium,algorithms
266,Palindrome Permutation,Easy,algorithms
265,Paint House II,Hard,algorithms
264,Ugly Number II,Medium,algorithms
263,Ugly Number,Easy,algorithms
262,Trips and Users,Hard,database
261,Graph Valid Tree,Medium,algorithms
260,Single Number III,Medium,algorithms
259,3Sum Smaller,Medium,algorithms
258,Add Digits,Easy,algorithms
257,Binary Tree Paths,Easy,algorithms
256,Paint House,Easy,algorithms
255,Verify Preorder Sequence in Binary Search Tree,Medium,algorithms
254,Factor Combinations,Medium,algorithms
253,Meeting Rooms II,Medium,algorithms
252,Meeting Rooms,Easy,algorithms
251,Flatten 2D Vector,Medium,algorithms
250,Count Univalue Subtrees,Medium,algorithms
249,Group Shifted Strings,Medium,algorithms
248,Strobogrammatic Number III,Hard,algorithms
247,Strobogrammatic Number II,Medium,algorithms
246,Strobogrammatic Number,Easy,algorithms
245,Shortest Word Distance III,Medium,algorithms
244,Shortest Word Distance II,Medium,algorithms
243,Shortest Word Distance,Easy,algorithms
242,Valid Anagram,Easy,algorithms
241,Different Ways to Add Parentheses,Medium,algorithms
240,Search a 2D Matrix II,Medium,algorithms
239,Sliding Window Maximum,Hard,algorithms
238,Product of Array Except Self,Medium,algorithms
237,Delete Node in a Linked List,Easy,algorithms
236,Lowest Common Ancestor of a Binary Tree,Medium,algorithms
235,Lowest Common Ancestor of a Binary Search Tree,Easy,algorithms
234,Palindrome Linked List,Easy,algorithms
233,Number of Digit One,Hard,algorithms
232,Implement Queue using Stacks,Easy,algorithms
231,Power of Two,Easy,algorithms
230,Kth Smallest Element in a BST,Medium,algorithms
229,Majority Element II,Medium,algorithms
228,Summary Ranges,Medium,algorithms
227,Basic Calculator II,Medium,algorithms
226,Invert Binary Tree,Easy,algorithms
225,Implement Stack using Queues,Easy,algorithms
224,Basic Calculator,Hard,algorithms
223,Rectangle Area,Medium,algorithms
222,Count Complete Tree Nodes,Medium,algorithms
221,Maximal Square,Medium,algorithms
220,Contains Duplicate III,Medium,algorithms
219,Contains Duplicate II,Easy,algorithms
218,The Skyline Problem,Hard,algorithms
217,Contains Duplicate,Easy,algorithms
216,Combination Sum III,Medium,algorithms
215,Kth Largest Element in an Array,Medium,algorithms
214,Shortest Palindrome,Hard,algorithms
213,House Robber II,Medium,algorithms
212,Word Search II,Hard,algorithms
211,Design Add and Search Words Data Structure,Medium,algorithms
210,Course Schedule II,Medium,algorithms
209,Minimum Size Subarray Sum,Medium,algorithms
208,Implement Trie (Prefix Tree),Medium,algorithms
207,Course Schedule,Medium,algorithms
206,Reverse Linked List,Easy,algorithms
205,Isomorphic Strings,Easy,algorithms
204,Count Primes,Easy,algorithms
203,Remove Linked List Elements,Easy,algorithms
202,Happy Number,Easy,algorithms
201,Bitwise AND of Numbers Range,Medium,algorithms
200,Number of Islands,Medium,algorithms
199,Binary Tree Right Side View,Medium,algorithms
198,House Robber,Easy,algorithms
197,Rising Temperature,Easy,database
196,Delete Duplicate Emails,Easy,database
195,Tenth Line,Easy,shell
194,Transpose File,Medium,shell
193,Valid Phone Numbers,Easy,shell
192,Word Frequency,Medium,shell
191,Number of 1 Bits,Easy,algorithms
190,Reverse Bits,Easy,algorithms
189,Rotate Array,Easy,algorithms
188,Best Time to Buy and Sell Stock IV,Hard,algorithms
187,Repeated DNA Sequences,Medium,algorithms
186,Reverse Words in a String II,Medium,algorithms
185,Department Top Three Salaries,Hard,database
184,Department Highest Salary,Medium,database
183,Customers Who Never Order,Easy,database
182,Duplicate Emails,Easy,database
181,Employees Earning More Than Their Managers,Easy,database
180,Consecutive Numbers,Medium,database
179,Largest Number,Medium,algorithms
178,Rank Scores,Medium,database
177,Nth Highest Salary,Medium,database
176,Second Highest Salary,Easy,database
175,Combine Two Tables,Easy,database
174,Dungeon Game,Hard,algorithms
173,Binary Search Tree Iterator,Medium,algorithms
172,Factorial Trailing Zeroes,Easy,algorithms
171,Excel Sheet Column Number,Easy,algorithms
170,Two Sum III - Data structure design,Easy,algorithms
169,Majority Element,Easy,algorithms
168,Excel Sheet Column Title,Easy,algorithms
167,Two Sum II - Input array is sorted,Easy,algorithms
166,Fraction to Recurring Decimal,Medium,algorithms
165,Compare Version Numbers,Medium,algorithms
164,Maximum Gap,Hard,algorithms
163,Missing Ranges,Medium,algorithms
162,Find Peak Element,Medium,algorithms
161,One Edit Distance,Medium,algorithms
160,Intersection of Two Linked Lists,Easy,algorithms
159,Longest Substring with At Most Two Distinct Characters,Medium,algorithms
158,Read N Characters Given Read4 II - Call multiple times,Hard,algorithms
157,Read N Characters Given Read4,Easy,algorithms
156,Binary Tree Upside Down,Medium,algorithms
155,Min Stack,Easy,algorithms
154,Find Minimum in Rotated Sorted Array II,Hard,algorithms
153,Find Minimum in Rotated Sorted Array,Medium,algorithms
152,Maximum Product Subarray,Medium,algorithms
151,Reverse Words in a String,Medium,algorithms
150,Evaluate Reverse Polish Notation,Medium,algorithms
149,Max Points on a Line,Hard,algorithms
148,Sort List,Medium,algorithms
147,Insertion Sort List,Medium,algorithms
146,LRU Cache,Medium,algorithms
145,Binary Tree Postorder Traversal,Medium,algorithms
144,Binary Tree Preorder Traversal,Medium,algorithms
143,Reorder List,Medium,algorithms
142,Linked List Cycle II,Medium,algorithms
141,Linked List Cycle,Easy,algorithms
140,Word Break II,Hard,algorithms
139,Word Break,Medium,algorithms
138,Copy List with Random Pointer,Medium,algorithms
137,Single Number II,Medium,algorithms
136,Single Number,Easy,algorithms
135,Candy,Hard,algorithms
134,Gas Station,Medium,algorithms
133,Clone Graph,Medium,algorithms
132,Palindrome Partitioning II,Hard,algorithms
131,Palindrome Partitioning,Medium,algorithms
130,Surrounded Regions,Medium,algorithms
129,Sum Root to Leaf Numbers,Medium,algorithms
128,Longest Consecutive Sequence,Hard,algorithms
127,Word Ladder,Medium,algorithms
126,Word Ladder II,Hard,algorithms
125,Valid Palindrome,Easy,algorithms
124,Binary Tree Maximum Path Sum,Hard,algorithms
123,Best Time to Buy and Sell Stock III,Hard,algorithms
122,Best Time to Buy and Sell Stock II,Easy,algorithms
121,Best Time to Buy and Sell Stock,Easy,algorithms
120,Triangle,Medium,algorithms
119,Pascal's Triangle II,Easy,algorithms
118,Pascal's Triangle,Easy,algorithms
117,Populating Next Right Pointers in Each Node II,Medium,algorithms
116,Populating Next Right Pointers in Each Node,Medium,algorithms
115,Distinct Subsequences,Hard,algorithms
114,Flatten Binary Tree to Linked List,Medium,algorithms
113,Path Sum II,Medium,algorithms
112,Path Sum,Easy,algorithms
111,Minimum Depth of Binary Tree,Easy,algorithms
110,Balanced Binary Tree,Easy,algorithms
109,Convert Sorted List to Binary Search Tree,Medium,algorithms
108,Convert Sorted Array to Binary Search Tree,Easy,algorithms
107,Binary Tree Level Order Traversal II,Easy,algorithms
106,Construct Binary Tree from Inorder and Postorder Traversal,Medium,algorithms
105,Construct Binary Tree from Preorder and Inorder Traversal,Medium,algorithms
104,Maximum Depth of Binary Tree,Easy,algorithms
103,Binary Tree Zigzag Level Order Traversal,Medium,algorithms
102,Binary Tree Level Order Traversal,Medium,algorithms
101,Symmetric Tree,Easy,algorithms
100,Same Tree,Easy,algorithms
99,Recover Binary Search Tree,Hard,algorithms
98,Validate Binary Search Tree,Medium,algorithms
97,Interleaving String,Hard,algorithms
96,Unique Binary Search Trees,Medium,algorithms
95,Unique Binary Search Trees II,Medium,algorithms
94,Binary Tree Inorder Traversal,Medium,algorithms
93,Restore IP Addresses,Medium,algorithms
92,Reverse Linked List II,Medium,algorithms
91,Decode Ways,Medium,algorithms
90,Subsets II,Medium,algorithms
89,Gray Code,Medium,algorithms
88,Merge Sorted Array,Easy,algorithms
87,Scramble String,Hard,algorithms
86,Partition List,Medium,algorithms
85,Maximal Rectangle,Hard,algorithms
84,Largest Rectangle in Histogram,Hard,algorithms
83,Remove Duplicates from Sorted List,Easy,algorithms
82,Remove Duplicates from Sorted List II,Medium,algorithms
81,Search in Rotated Sorted Array II,Medium,algorithms
80,Remove Duplicates from Sorted Array II,Medium,algorithms
79,Word Search,Medium,algorithms
78,Subsets,Medium,algorithms
77,Combinations,Medium,algorithms
76,Minimum Window Substring,Hard,algorithms
75,Sort Colors,Medium,algorithms
74,Search a 2D Matrix,Medium,algorithms
73,Set Matrix Zeroes,Medium,algorithms
72,Edit Distance,Hard,algorithms
71,Simplify Path,Medium,algorithms
70,Climbing Stairs,Easy,algorithms
69,Sqrt(x),Easy,algorithms
68,Text Justification,Hard,algorithms
67,Add Binary,Easy,algorithms
66,Plus One,Easy,algorithms
65,Valid Number,Hard,algorithms
64,Minimum Path Sum,Medium,algorithms
63,Unique Paths II,Medium,algorithms
62,Unique Paths,Medium,algorithms
61,Rotate List,Medium,algorithms
60,Permutation Sequence,Hard,algorithms
59,Spiral Matrix II,Medium,algorithms
58,Length of Last Word,Easy,algorithms
57,Insert Interval,Hard,algorithms
56,Merge Intervals,Medium,algorithms
55,Jump Game,Medium,algorithms
54,Spiral Matrix,Medium,algorithms
53,Maximum Subarray,Easy,algorithms
52,N-Queens II,Hard,algorithms
51,N-Queens,Hard,algorithms
50,Pow(x ~ n),Medium,algorithms
49,Group Anagrams,Medium,algorithms
48,Rotate Image,Medium,algorithms
47,Permutations II,Medium,algorithms
46,Permutations,Medium,algorithms
45,Jump Game II,Hard,algorithms
44,Wildcard Matching,Hard,algorithms
43,Multiply Strings,Medium,algorithms
42,Trapping Rain Water,Hard,algorithms
41,First Missing Positive,Hard,algorithms
40,Combination Sum II,Medium,algorithms
39,Combination Sum,Medium,algorithms
38,Count and Say,Easy,algorithms
37,Sudoku Solver,Hard,algorithms
36,Valid Sudoku,Medium,algorithms
35,Search Insert Position,Easy,algorithms
34,Find First and Last Position of Element in Sorted Array,Medium,algorithms
33,Search in Rotated Sorted Array,Medium,algorithms
32,Longest Valid Parentheses,Hard,algorithms
31,Next Permutation,Medium,algorithms
30,Substring with Concatenation of All Words,Hard,algorithms
29,Divide Two Integers,Medium,algorithms
28,Implement strStr(),Easy,algorithms
27,Remove Element,Easy,algorithms
26,Remove Duplicates from Sorted Array,Easy,algorithms
25,Reverse Nodes in k-Group,Hard,algorithms
24,Swap Nodes in Pairs,Medium,algorithms
23,Merge k Sorted Lists,Hard,algorithms
22,Generate Parentheses,Medium,algorithms
21,Merge Two Sorted Lists,Easy,algorithms
20,Valid Parentheses,Easy,algorithms
19,Remove Nth Node From End of List,Medium,algorithms
18,4Sum,Medium,algorithms
17,Letter Combinations of a Phone Number,Medium,algorithms
16,3Sum Closest,Medium,algorithms
15,3Sum,Medium,algorithms
14,Longest Common Prefix,Easy,algorithms
13,Roman to Integer,Easy,algorithms
12,Integer to Roman,Medium,algorithms
11,Container With Most Water,Medium,algorithms
10,Regular Expression Matching,Hard,algorithms
9,Palindrome Number,Easy,algorithms
8,String to Integer (atoi),Medium,algorithms
7,Reverse Integer,Easy,algorithms
6,ZigZag Conversion,Medium,algorithms
5,Longest Palindromic Substring,Medium,algorithms
4,Median of Two Sorted Arrays,Hard,algorithms
3,Longest Substring Without Repeating Characters,Medium,algorithms
2,Add Two Numbers,Medium,algorithms
1,Two Sum,Easy,algorithms
